date,interest_rate,GDP,col3
01-Jan-55,,"129,428",
01-Apr-55,,"129,519",
01-Jul-55,,"132,043",
01-Oct-55,,"131,396",
01-Jan-56,,"132,998",
01-Apr-56,,"132,679",
01-Jul-56,,"132,495",
01-Oct-56,,"132,945",
01-Jan-57,,"135,711",
01-Apr-57,,"135,750",
01-Jul-57,,"134,944",
01-Oct-57,,"135,028",
01-Jan-58,,"138,005",
01-Apr-58,,"134,822",
01-Jul-58,,"137,771",
01-Oct-58,,"137,880",
01-Jan-59,,"138,749",
01-Apr-59,,"141,054",
01-Jul-59,,"144,101",
01-Oct-59,,"147,731",
01-Jan-60,,"151,420",
01-Apr-60,,"150,230",
01-Jul-60,,"152,485",
01-Oct-60,,"153,552",
01-Jan-61,,"155,990",
01-Apr-61,,"156,572",
01-Jul-61,,"155,818",
01-Oct-61,,"155,436",
01-Jan-62,,"156,202",
01-Apr-62,,"157,678",
01-Jul-62,,"158,572",
01-Oct-62,,"157,894",
01-Jan-63,,"158,616",
01-Apr-63,,"165,619",
01-Jul-63,,"166,407",
01-Oct-63,,"170,054",
01-Jan-64,,"171,209",
01-Apr-64,,"174,393",
01-Jul-64,,"175,037",
01-Oct-64,,"177,683",
01-Jan-65,,"177,153",
01-Apr-65,,"177,267",
01-Jul-65,,"178,719",
01-Oct-65,,"179,904",
01-Jan-66,,"180,172",
01-Apr-66,,"181,154",
01-Jul-66,,"181,778",
01-Oct-66,,"180,944",
01-Jan-67,,"183,328",
01-Apr-67,,"185,968",
01-Jul-67,,"186,841",
01-Oct-67,,"187,834",
01-Jan-68,,"194,591",
01-Apr-68,,"193,804",
01-Jul-68,,"197,603",
01-Oct-68,,"198,437",
01-Jan-69,,"197,901",
01-Apr-69,,"199,471",
01-Jul-69,,"200,592",
01-Oct-69,,"201,431",
01-Jan-70,,"200,089",
01-Apr-70,,"205,001",
01-Jul-70,,"206,988",
01-Oct-70,,"208,869",
01-Jan-71,,"207,680",
01-Apr-71,,"211,465",
01-Jul-71,,"215,240",
01-Oct-71,,"216,006",
01-Jan-72,,"216,317",
01-Apr-72,,"222,086",
01-Jul-72,,"222,694",
01-Oct-72,,"226,205",
01-Jan-73,,"237,322",
01-Apr-73,,"237,728",
01-Jul-73,,"235,429",
01-Oct-73,,"234,514",
01-Jan-74,,"228,013",
01-Apr-74,,"231,343",
01-Jul-74,,"232,777",
01-Oct-74,,"229,394",
01-Jan-75,,"229,477",
20-Jan-75,11.25,,19.76691729
27-Jan-75,11,,19.51879699
10-Feb-75,10.75,,19.27067669
17-Feb-75,10.5,,19.02255639
10-Mar-75,10.25,,18.77443609
24-Mar-75,10,,18.52631579
01-Apr-75,,"225,734",
21-Apr-75,9.75,,18.27819549
05-May-75,10,,18.03007519
01-Jul-75,,"224,919",
28-Jul-75,11,,17.78195489
01-Oct-75,,"227,490",
06-Oct-75,12,,17.53383459
17-Nov-75,11.75,,17.28571429
01-Dec-75,11.5,,17.03759398
29-Dec-75,11.25,,16.78947368
01-Jan-76,,"231,247",
05-Jan-76,11,,16.54135338
19-Jan-76,10.75,,16.29323308
26-Jan-76,10.5,,16.04511278
02-Feb-76,10,,15.79699248
09-Feb-76,9.5,,15.54887218
01-Mar-76,9.25,,15.30075188
08-Mar-76,9,,15.05263158
01-Apr-76,,"230,985",
26-Apr-76,10.5,,14.80451128
24-May-76,11.5,,14.55639098
01-Jul-76,,"233,947",
13-Sep-76,13,,14.30827068
01-Oct-76,,"238,928",
07-Oct-76,15,,14.06015038
22-Nov-76,14.75,,13.81203008
20-Dec-76,14.5,,13.56390977
29-Dec-76,14.25,,13.31578947
01-Jan-77,,"238,831",
10-Jan-77,14,,13.06766917
24-Jan-77,13.25,,12.81954887
31-Jan-77,12.25,,12.57142857
03-Feb-77,12,,12.32330827
10-Mar-77,11,,12.07518797
21-Mar-77,10.5,,11.82706767
31-Mar-77,9.5,,11.57894737
01-Apr-77,,"237,076",
12-Apr-77,9.25,,11.33082707
18-Apr-77,9,,11.08270677
25-Apr-77,8.75,,10.83458647
02-May-77,8.25,,10.58646617
16-May-77,8,,10.33834586
01-Jul-77,,"238,720",
08-Aug-77,7.5,,10.09022556
15-Aug-77,7,,9.842105263
12-Sep-77,6.5,,9.593984962
19-Sep-77,6,,9.345864662
01-Oct-77,,"242,807",
10-Oct-77,5.5,,9.097744361
17-Oct-77,5,,8.84962406
28-Nov-77,7,,8.601503759
01-Jan-78,,"244,622",
09-Jan-78,6.5,,8.353383459
01-Apr-78,,"247,510",
12-Apr-78,7.5,,8.105263158
08-May-78,8.75,,10
15-May-78,9,,9
08-Jun-78,10,,8
01-Jul-78,,"250,901",
01-Oct-78,,"253,135",
09-Nov-78,12.5,,7
01-Jan-79,,"251,825",
08-Feb-79,14,,6
01-Mar-79,13,,5
01-Apr-79,,"262,981",
05-Apr-79,12,,4
13-Jun-79,14,,3
01-Jul-79,,"257,095",
01-Oct-79,,"259,744",
15-Nov-79,17,,2
01-Jan-80,,"256,815",
01-Apr-80,,"251,750",
01-Jul-80,,"251,454",
03-Jul-80,16,,1
01-Oct-80,,"248,574",
25-Nov-80,14,,10
01-Jan-81,,"248,097",
11-Mar-81,12,,9
01-Apr-81,,"248,514",
01-Jul-81,,"251,197",
25-Aug-81,12.69,,8
15-Sep-81,14,,7
01-Oct-81,,"251,349",
12-Oct-81,15,,6
28-Oct-81,15.13,,5
06-Nov-81,15.06,,4
09-Nov-81,14.63,,3
25-Nov-81,14.56,,2
04-Dec-81,14.38,,1
01-Jan-82,,"251,388",
18-Jan-82,14.31,,17.78195489
19-Jan-82,14.25,,17.53383459
20-Jan-82,14.13,,17.28571429
21-Jan-82,14,,17.03759398
22-Jan-82,13.88,,16.78947368
22-Feb-82,13.81,,16.54135338
25-Feb-82,13.63,,16.29323308
10-Mar-82,13.25,,16.04511278
01-Apr-82,,"253,939",
16-Apr-82,13.13,,15.79699248
19-Apr-82,13,,15.54887218
20-Apr-82,13.13,,15.30075188
08-Jun-82,12.63,,15.05263158
01-Jul-82,,"254,533",
09-Jul-82,12.5,,14.80451128
12-Jul-82,12.25,,14.55639098
13-Jul-82,12.13,,14.30827068
21-Jul-82,12.06,,14.06015038
26-Jul-82,11.94,,13.81203008
28-Jul-82,11.81,,13.56390977
29-Jul-82,11.75,,13.31578947
30-Jul-82,11.63,,13.06766917
02-Aug-82,11.56,,12.81954887
04-Aug-82,11.5,,12.57142857
16-Aug-82,11.38,,12.32330827
17-Aug-82,11.25,,12.07518797
24-Aug-82,11.13,,11.82706767
25-Aug-82,11,,11.57894737
26-Aug-82,10.88,,11.33082707
27-Aug-82,10.63,,11.08270677
27-Sep-82,10.5,,10.83458647
28-Sep-82,10.38,,10.58646617
29-Sep-82,10.25,,10.33834586
30-Sep-82,10.13,,10.09022556
01-Oct-82,,"256,172",
12-Oct-82,9.63,,9.842105263
01-Nov-82,9.38,,9.593984962
02-Nov-82,9.13,,9.345864662
26-Nov-82,10,,9.097744361
01-Jan-83,,"260,720",
12-Jan-83,11,,8.84962406
15-Mar-83,10.56,,8.601503759
01-Apr-83,,"262,390",
13-Apr-83,10.31,,8.353383459
14-Apr-83,10.06,,8.105263158
13-Jun-83,9.81,,10
14-Jun-83,9.56,,9
01-Jul-83,,"265,120",
09-Aug-83,9.44,,8
10-Aug-83,9.56,,7
01-Oct-83,,"267,076",
03-Oct-83,9.06,,6
01-Jan-84,,"268,763",
07-Mar-84,8.81,,5
14-Mar-84,8.56,,4
01-Apr-84,,"266,099",
10-May-84,9.06,,3
29-Jun-84,8.88,,2
01-Jul-84,,"267,783",
06-Jul-84,10,,1
11-Jul-84,12,,10
08-Aug-84,11.5,,9
09-Aug-84,11,,8
16-Aug-84,10.75,,7
17-Aug-84,10.5,,6
01-Oct-84,,"272,734",
05-Nov-84,10,,5
19-Nov-84,9.75,,4
23-Nov-84,9.5,,3
01-Jan-85,,"274,498",
14-Jan-85,11.88,,2
28-Jan-85,13.88,,1
20-Mar-85,13.38,,17.78195489
28-Mar-85,12.88,,17.53383459
01-Apr-85,,"280,049",
19-Apr-85,12.38,,17.28571429
01-Jul-85,,"280,252",
11-Jul-85,11.88,,17.03759398
26-Jul-85,11.38,,16.78947368
01-Oct-85,,"280,672",
01-Jan-86,,"283,200",
15-Jan-86,12.38,,16.54135338
19-Mar-86,11.38,,16.29323308
01-Apr-86,,"284,643",
11-Apr-86,10.88,,16.04511278
18-Apr-86,10.38,,15.79699248
23-May-86,9.88,,15.54887218
01-Jul-86,,"285,943",
01-Oct-86,,"290,408",
15-Oct-86,10.88,,15.30075188
01-Jan-87,,"293,128",
09-Mar-87,10.38,,15.05263158
18-Mar-87,9.88,,14.80451128
01-Apr-87,,"297,464",
28-Apr-87,9.38,,14.55639098
08-May-87,8.88,,14.30827068
01-Jul-87,,"304,555",
06-Aug-87,9.88,,14.06015038
01-Oct-87,,"308,624",
23-Oct-87,9.38,,13.81203008
04-Nov-87,8.88,,13.56390977
03-Dec-87,8.38,,13.31578947
01-Jan-88,,"313,316",
01-Feb-88,8.88,,13.06766917
17-Mar-88,8.38,,12.81954887
01-Apr-88,,"313,997",
08-Apr-88,7.88,,12.57142857
17-May-88,7.38,,12.32330827
03-Jun-88,7.88,,12.07518797
10-Jun-88,8.38,,11.82706767
24-Jun-88,8.88,,11.57894737
01-Jul-88,,"318,223",
07-Jul-88,9.88,,11.33082707
21-Jul-88,10.38,,11.08270677
08-Aug-88,10.88,,10.83458647
25-Aug-88,11.88,,10.58646617
01-Oct-88,,"320,612",
25-Nov-88,12.88,,10.33834586
01-Jan-89,,"322,258",
01-Apr-89,,"323,569",
25-May-89,13.75,,10.09022556
01-Jul-89,,"323,542",
31-Aug-89,13.84,,9.842105263
04-Sep-89,13.88,,9.593984962
08-Sep-89,13.75,,9.345864662
01-Oct-89,,"324,139",
06-Oct-89,14.88,,9.097744361
01-Jan-90,,"326,896",
01-Apr-90,,"328,047",
01-Jul-90,,"324,080",
01-Oct-90,,"322,743",
08-Oct-90,13.88,,8.84962406
01-Jan-91,,"321,164",
13-Feb-91,13.38,,8.601503759
27-Feb-91,12.88,,8.353383459
22-Mar-91,12.38,,8.105263158
01-Apr-91,,"319,958",
12-Apr-91,11.88,,10
24-May-91,11.38,,9
01-Jul-91,,"319,027",
12-Jul-91,10.88,,8
04-Sep-91,10.38,,7
01-Oct-91,,"319,668",
01-Jan-92,,"319,525",
01-Apr-92,,"318,481",
05-May-92,9.88,,6
01-Jul-92,,"320,240",
22-Sep-92,8.88,,5
01-Oct-92,,"321,960",
16-Oct-92,7.88,,4
13-Nov-92,6.88,,3
01-Jan-93,,"324,111",
26-Jan-93,5.88,,2
01-Apr-93,,"325,394",
01-Jul-93,,"327,863",
01-Oct-93,,"329,789",
23-Nov-93,5.38,,1
01-Jan-94,,"333,269",
08-Feb-94,5.13,,10
01-Apr-94,,"336,803",
01-Jul-94,,"340,451",
12-Sep-94,5.63,,9
01-Oct-94,,"342,104",
07-Dec-94,6.13,,8
01-Jan-95,,"342,962",
02-Feb-95,6.63,,7
01-Apr-95,,"343,589",
01-Jul-95,,"347,031",
01-Oct-95,,"347,651",
13-Dec-95,6.38,,6
01-Jan-96,,"349,056",
18-Jan-96,6.13,,5
08-Mar-96,5.94,,4
01-Apr-96,,"349,195",
06-Jun-96,5.69,,3
01-Jul-96,,"352,909",
01-Oct-96,,"356,423",
30-Oct-96,5.94,,2
01-Jan-97,,"361,885",
01-Apr-97,,"365,725",
06-May-97,6.25,,1
06-Jun-97,6.5,,17.78195489
01-Jul-97,,"369,141",
10-Jul-97,6.75,,17.53383459
07-Aug-97,7,,17.28571429
01-Oct-97,,"374,512",
06-Nov-97,7.25,,17.03759398
01-Jan-98,,"376,761",
01-Apr-98,,"378,766",
04-Jun-98,7.5,,16.78947368
01-Jul-98,,"379,906",
01-Oct-98,,"382,282",
08-Oct-98,7.25,,16.54135338
05-Nov-98,6.75,,16.29323308
10-Dec-98,6.25,,16.04511278
01-Jan-99,,"385,025",
07-Jan-99,6,,15.79699248
04-Feb-99,5.5,,15.54887218
01-Apr-99,,"386,581",
08-Apr-99,5.25,,15.30075188
10-Jun-99,5,,15.05263158
01-Jul-99,,"393,078",
08-Sep-99,5.25,,14.80451128
01-Oct-99,,"398,776",
04-Nov-99,5.5,,14.55639098
01-Jan-00,,"403,407",
13-Jan-00,5.75,,14.30827068
10-Feb-00,6,,14.06015038
01-Apr-00,,"406,049",
01-Jul-00,,"408,120",
01-Oct-00,,"409,871",
01-Jan-01,,"413,381",
08-Feb-01,5.75,,13.81203008
01-Apr-01,,"414,894",
05-Apr-01,5.5,,13.56390977
10-May-01,5.25,,13.31578947
01-Jul-01,,"416,803",
02-Aug-01,5,,13.06766917
18-Sep-01,4.75,,12.81954887
01-Oct-01,,"417,480",
04-Oct-01,4.5,,12.57142857
08-Nov-01,4,,12.32330827
01-Jan-02,,"418,930",
01-Apr-02,,"421,133",
01-Jul-02,,"424,190",
01-Oct-02,,"427,745",
01-Jan-03,,"430,454",
06-Feb-03,3.75,,12.07518797
01-Apr-03,,"434,140",
01-Jul-03,,"438,419",
10-Jul-03,3.5,,11.82706767
01-Oct-03,,"441,827",
06-Nov-03,3.75,,11.57894737
01-Jan-04,,"443,792",
05-Feb-04,4,,11.33082707
01-Apr-04,,"446,140",
06-May-04,4.25,,11.08270677
10-Jun-04,4.5,,10.83458647
01-Jul-04,,"447,205",
05-Aug-04,4.75,,10.58646617
01-Oct-04,,"448,619",
01-Jan-05,,"451,985",
01-Apr-05,,"456,263",
01-Jul-05,,"460,177",
04-Aug-05,4.5,,10.33834586
01-Oct-05,,"464,981",
01-Jan-06,,"466,584",
01-Apr-06,,"467,684",
01-Jul-06,,"468,351",
03-Aug-06,4.75,,10.09022556
01-Oct-06,,"470,396",
09-Nov-06,5,,9.842105263
01-Jan-07,,"475,292",
11-Jan-07,5.25,,9.593984962
01-Apr-07,,"478,424",
10-May-07,5.5,,9.345864662
01-Jul-07,,"482,064",
05-Jul-07,5.75,,9.097744361
01-Oct-07,,"485,249",
06-Dec-07,5.5,,8.84962406
01-Jan-08,,"487,601",
07-Feb-08,5.25,,8.601503759
01-Apr-08,,"485,278",
10-Apr-08,5,,8.353383459
01-Jul-08,,"477,935",
01-Oct-08,,"467,250",
08-Oct-08,4.5,,8.105263158
06-Nov-08,3,,10
04-Dec-08,2,,9
01-Jan-09,,"458,181",
08-Jan-09,1.5,,8
05-Feb-09,1,,7
05-Mar-09,0.5,,6
01-Apr-09,,"456,867",
01-Jul-09,,"457,471",
01-Oct-09,,"459,031",
01-Jan-10,,"463,391",
01-Apr-10,,"468,691",
01-Jul-10,,"471,664",
01-Oct-10,,"472,312",
01-Jan-11,,"473,510",
01-Apr-11,,"473,773",
01-Jul-11,,"474,501",
01-Oct-11,,"474,303",
01-Jan-12,,"478,242",
01-Apr-12,,"477,974",
01-Jul-12,,"483,913",
01-Oct-12,,"483,422",
01-Jan-13,,"484,555",
01-Apr-13,,"487,845",
01-Jul-13,,"491,499",
01-Oct-13,,"494,658",
01-Jan-14,,"499,294",
01-Apr-14,,"503,659",
01-Jul-14,,"507,485",
01-Oct-14,,"510,787",
01-Jan-15,,"512,895",
01-Apr-15,,"516,141",
01-Jul-15,,"518,365",
01-Oct-15,,"522,194",
01-Jan-16,,"524,102",
01-Apr-16,,"527,401",
01-Jul-16,,"529,730",
04-Aug-16,0.25,,5
01-Oct-16,,"533,173",
01-Jan-17,,"537,114",
01-Apr-17,,"539,994",
01-Jul-17,,"542,780",
01-Oct-17,,"546,185",
02-Nov-17,0.5,,4
01-Jan-18,,"547,003",
01-Apr-18,,"549,491",
01-Jul-18,,"552,545",
02-Aug-18,0.75,,3
01-Oct-18,,"553,966",
01-Jan-19,,"557,458",
01-Apr-19,,"558,071",
01-Jul-19,,"561,480",
01-Oct-19,,"561,339",
01-Jan-20,,"546,515",
11-Mar-20,0.25,,2
19-Mar-20,0.1,,1
01-Apr-20,,"431,794",
01-Jul-20,,"503,509",
01-Oct-20,,"509,621",
01-Jan-21,,"504,255",
01-Apr-21,,"537,175",
01-Jul-21,,"546,487",
01-Oct-21,,"554,821",
16-Dec-21,0.25,,10
01-Jan-22,,"557,361",
03-Feb-22,0.5,,9
17-Mar-22,0.75,,8
01-Apr-22,,"557,938",
05-May-22,1,,7
16-Jun-22,1.25,,6
01-Jul-22,,"557,023",
04-Aug-22,1.75,,5
22-Sep-22,2.25,,4
01-Oct-22,,"557,099",
03-Nov-22,3,,3
15-Dec-22,3.5,,2
02-Feb-23,4,,1
